chr	start	end	length	nCG	meanMethy1	meanMethy2	diff.Methy	areaStat
7	47092708	47093432	725	54	0.727168928563159	0.267515762725653	0.459653165837506	812.471554423193
10	20386452	20386826	375	52	0.441987059511154	0.764965236824052	-0.322978177312898	-541.22053616455
10	28385383	28386078	696	52	0.636934722498725	0.237425779835297	0.399508942663428	497.381714783381
9	16508593	16508952	360	38	0.719990920215674	0.175704576279715	0.544286343935959	489.859506503263
11	28071208	28071988	781	36	0.845781407262267	0.415517675413405	0.430263731848863	479.950186594805
18	12515851	12517175	1325	56	0.504958691301797	0.876845946055727	-0.37188725475393	-448.698617264616
4	9396222	9396665	444	37	0.747703067065848	0.433552950949897	0.314150116115951	437.58868924014
22	13118551	13118969	419	33	0.873342843417922	0.459338688659999	0.414004154757923	432.728127576916
10	4980218	4980690	473	46	0.464372686409771	0.188280589063716	0.276092097346055	419.858780750616
5	56576848	56577283	436	36	0.655432795363165	0.313451465456156	0.341981329907009	405.49833977717
6	32904153	32904458	306	34	0.955014936321635	0.634886656842889	0.320128279478745	388.078313644793
25	278384	278885	502	38	0.767722843482912	0.339849145433509	0.427873698049403	386.985653262622
11	23701710	23702212	503	33	0.891456469231396	0.237937608647569	0.653518860583826	386.506415961014
7	34162438	34163060	623	39	0.936541662769467	0.505435048198887	0.43110661457058	375.946293449262
1	10458659	10459168	510	34	0.82950801166345	0.395876562788579	0.433631448874871	369.271619579982
14	28667681	28668015	335	37	0.931289977026384	0.417615845910465	0.51367413111592	368.932714729235
20	54992709	54993078	370	31	0.499964265563386	0.916484036752012	-0.416519771188626	-367.132756184374
24	31685578	31685998	421	39	0.569519627628945	0.867713449240105	-0.29819382161116	-356.916605070153
5	26641863	26642732	870	34	0.643967088591356	0.152201921394292	0.491765167197064	356.185635739677
18	36020627	36021242	616	40	0.7535426263021	0.414401913102661	0.339140713199439	354.3607834743
22	36723771	36724123	353	37	0.590562793118823	0.912189965229813	-0.32162717211099	-342.850801705012
11	39653055	39653426	372	36	0.79980856566567	0.523121956533878	0.276686609131792	334.55247950175
17	52703556	52704070	515	35	0.520485675008594	0.226119015484809	0.294366659523786	329.458589483852
18	5753958	5754670	713	36	0.373636573852792	0.679895345643099	-0.306258771790307	-328.604033916726
16	52483191	52483589	399	47	0.530069028595412	0.911803653384466	-0.381734624789054	-312.888943825718
6	69154	69513	360	31	0.56268631482037	0.214434206511231	0.348252108309139	312.816130855475
14	19546886	19547296	411	32	0.369068385720083	0.772242413259082	-0.403174027538998	-311.67641913532
13	45717893	45718237	345	32	0.895802124795783	0.551636824101411	0.344165300694372	299.754384290413
19	22024803	22025120	318	30	0.663829144545633	0.9388249386214	-0.274995794075767	-297.872767424121
5	69589586	69589971	386	34	0.752082715885484	0.352466348272252	0.399616367613232	296.660926755404
12	41326766	41327420	655	31	0.334011456471122	0.755685313965426	-0.421673857494304	-295.693621545387
7	57333364	57333766	403	25	0.69790642898699	0.159551377649273	0.538355051337718	291.799313465405
1	9534052	9534403	352	34	0.312528075294266	0.607330300765692	-0.294802225471426	-287.64332542972
3	1887764	1888204	441	28	0.805838313423839	0.226240392497225	0.579597920926613	284.491783523017
3	20947653	20948235	583	29	0.742450520666093	0.304308606090548	0.438141914575545	283.370654927491
7	30093857	30094209	353	36	0.532061732877022	0.880381777159047	-0.348320044282025	-279.263953422538
9	15343089	15343338	250	33	0.779248066117074	0.421387643638882	0.357860422478192	278.084645060014
4	52020109	52020494	386	32	0.854955856722161	0.474765794151917	0.380190062570244	274.558768634397
20	27702516	27703071	556	38	0.214105772904827	0.656577405617376	-0.442471632712549	-273.786936565036
13	94189	94566	378	29	0.520477757516332	0.813899621814982	-0.29342186429865	-271.616592356937
8	54005457	54005797	341	32	0.573632469101389	0.231314087050439	0.342318382050949	269.968879423694
10	11133121	11133287	167	27	0.157879888507436	0.407513877683475	-0.249633989176039	-269.189788566263
20	11407762	11408138	377	29	0.396945044141051	0.835964813482107	-0.439019769341056	-268.664585655547
6	36116915	36117227	313	29	0.548246879918313	0.842028254683344	-0.293781374765031	-267.871401453315
11	43969030	43969318	289	26	0.244885060259191	0.525016229135799	-0.280131168876608	-265.980824876152
1	57399008	57399637	630	34	0.511319478777597	0.183200944500371	0.328118534277226	261.931211547035
19	39370466	39370981	516	22	0.911164883143689	0.560123897938976	0.351040985204714	260.761030873851
18	48413087	48413507	421	36	0.535297352364446	0.220145287222747	0.315152065141699	259.547417756487
2	20689398	20689790	393	23	0.708723254997557	0.282908196996684	0.425815058000874	256.78873969798
21	26120636	26120899	264	30	0.580142273669635	0.235171371114983	0.344970902554652	256.576649113867
13	10750881	10751269	389	32	0.405482773002522	0.821828805660768	-0.416346032658246	-256.248695760296
11	15087238	15087673	436	26	0.708415998274054	0.387596029295169	0.320819968978885	249.767503278425
2	43701363	43701627	265	26	0.630579443978131	0.346775913224606	0.283803530753525	248.996215840305
12	49104513	49104804	292	29	0.719538813992416	0.390619296957554	0.328919517034862	248.387154339564
7	72055470	72055846	377	25	0.665658342947727	0.307959255892522	0.357699087055205	246.587201734222
11	23285717	23285982	266	31	0.90638247747862	0.395161746985948	0.511220730492672	246.473721790615
7	49901258	49901877	620	21	0.265352027075974	0.68741931942872	-0.422067292352746	-245.395815481017
3	22000427	22001096	670	28	0.313153549960021	0.685383751878635	-0.372230201918613	-245.112856442964
5	29801048	29801514	467	25	0.359792833845039	0.806088223057267	-0.446295389212228	-243.097065902027
15	39846690	39846906	217	31	0.396435437921328	0.812707486068356	-0.416272048147028	-242.652477187642
22	25405994	25406246	253	24	0.631416608758009	0.942417432752043	-0.311000823994034	-241.00270659376
4	58575590	58575806	217	31	0.938368579463024	0.617613341891643	0.32075523757138	237.74431331538
5	72449712	72449996	285	26	0.958189726484133	0.65911590161969	0.299073824864443	237.475777459979
3	31545303	31545614	312	31	0.522433122366811	0.795304480160798	-0.272871357793988	-236.893676314937
1	58575531	58576137	607	34	0.900104070967295	0.503975901293452	0.396128169673843	231.529132382957
6	27622657	27623294	638	29	0.691327775232352	0.33166527543232	0.359662499800032	230.720082141012
7	11507283	11507533	251	33	0.931704539714485	0.631926771154249	0.299777768560237	223.868844059816
17	8795393	8795695	303	22	0.710804560082883	0.415272171176503	0.29553238890638	216.091052717437
3	9067654	9067977	324	25	0.913440639689144	0.627865466619922	0.285575173069221	214.563733163666
2	24951320	24951743	424	22	0.272886498810107	0.65643764351262	-0.383551144702513	-214.08411286182
25	5062510	5062838	329	21	0.726699297706915	0.399554863782337	0.327144433924578	213.847649437576
1	8152173	8152518	346	27	0.515497349390255	0.821027637346693	-0.305530287956438	-213.780745375412
15	253440	253825	386	25	0.704595320301582	0.396531821729414	0.308063498572169	212.591644919196
3	60246955	60247334	380	26	0.51332586819788	0.114728329801097	0.398597538396784	210.865599324369
15	33259072	33259346	275	29	0.631470074434028	0.918344209826604	-0.286874135392576	-209.766991124158
7	48400708	48401246	539	25	0.660096770240617	0.330652199200962	0.329444571039656	209.520735902767
3	57557817	57558154	338	27	0.426760220210802	0.73168460482013	-0.304924384609329	-208.471588697571
2	37655379	37655706	328	24	0.786651047065162	0.38139066404432	0.405260383020842	207.661103734005
4	29905343	29905628	286	19	0.931266016888972	0.515168674963439	0.416097341925534	206.058973454775
6	18917295	18917696	402	24	0.907018105405968	0.565799309745451	0.341218795660517	202.60745188055
15	27857248	27857727	480	23	0.835695859447916	0.53963457005527	0.296061289392646	200.461642418117
4	33991666	33991845	180	28	0.898940023996335	0.453714595260494	0.445225428735841	199.74669652023
2	20668593	20668904	312	27	0.640939780364658	0.350517316624981	0.290422463739677	199.494256373355
19	18403594	18403997	404	21	0.52279046173654	0.849879237704286	-0.327088775967746	-198.932663339855
15	41347344	41347803	460	21	0.249951306583605	0.595469757410141	-0.345518450826536	-198.690066652836
21	16792329	16792601	273	29	0.596420098723369	0.921043706074796	-0.324623607351427	-197.542125723367
14	42385508	42385964	457	22	0.35307563951941	0.648473757507124	-0.295398117987714	-196.63424229098
24	20547047	20547452	406	24	0.492662675289835	0.820807855676177	-0.328145180386342	-196.101788058763
12	49163431	49163806	376	22	0.832241074067331	0.31450556272061	0.517735511346721	194.91891143095
7	49566715	49567044	330	23	0.636275950648459	0.967391393151921	-0.331115442503462	-194.093974589481
25	30459542	30459872	331	28	0.88092213127959	0.575712071260048	0.305210060019543	193.918929333093
19	14497220	14497561	342	30	0.874881056886292	0.417949890867778	0.456931166018515	192.905219590755
13	13668412	13668723	312	26	0.276334793468796	0.639113207613085	-0.362778414144289	-191.919291190461
7	15612216	15612549	334	22	0.295906116977192	0.621936715384239	-0.326030598407046	-189.732166804115
15	11472105	11472455	351	24	0.204408217787422	0.658541336876673	-0.454133119089251	-186.134750447087
16	34771570	34771923	354	27	0.816462309507946	0.509352986837946	0.30710932267	186.119659732584
24	30948455	30948789	335	22	0.556716109405424	0.888697751030979	-0.331981641625555	-185.099182802378
24	32870743	32870967	225	22	0.958122170459182	0.630188981950468	0.327933188508714	184.522913315054
19	28463747	28464274	528	22	0.199417970272231	0.537567760297247	-0.338149790025015	-183.759882950091
7	57339484	57339892	409	23	0.282047377883352	0.719070335900942	-0.437022958017589	-182.402377547593
16	31154180	31154507	328	30	0.439988357547381	0.863038050338518	-0.423049692791137	-182.061030088626
16	31804751	31805217	467	18	0.766176188691372	0.391793874603376	0.374382314087996	181.00634474865
13	21931820	21932208	389	22	0.599139830598891	0.964395331357487	-0.365255500758596	-180.884849348645
23	18692411	18692770	360	22	0.696816048141941	0.351592633643183	0.345223414498759	180.604801009835
6	40615190	40615550	361	26	0.580742880466371	0.285714522895148	0.295028357571223	180.492513396558
12	233353	233772	420	19	0.411785498336216	0.795572024632901	-0.383786526296685	-180.386594771697
3	10974065	10974258	194	22	0.535612212778848	0.818525548332907	-0.282913335554059	-178.298884756659
9	21207764	21208059	296	18	0.66153455652804	0.302004699587845	0.359529856940196	176.784330376415
5	55492827	55493141	315	20	0.875935580542031	0.587850464230116	0.288085116311915	175.050385916385
14	8225435	8225760	326	23	0.587445522006303	0.862086177479411	-0.274640655473108	-174.957832776818
22	11209946	11210223	278	24	0.771208308416561	0.505854209906561	0.265354098510001	174.806184611729
18	48409273	48409490	218	24	0.31899468429346	0.649792642044868	-0.330797957751409	-174.631859103433
13	40418732	40419190	459	24	0.71457407042717	0.420400116299776	0.294173954127394	174.380193931394
5	58360464	58360834	371	30	0.713427025902489	0.337998188016394	0.375428837886094	174.323467400258
23	8866952	8867464	513	21	0.482388202718595	0.185664197871928	0.296724004846666	173.38419581892
7	68738009	68738796	788	23	0.396908675563416	0.686592178060749	-0.289683502497333	-173.28466789783
24	36621214	36621537	324	21	0.72455694082425	0.454790573119084	0.269766367705166	172.724440301153
1	35006258	35006447	190	17	0.570466954328591	0.854872527626112	-0.284405573297521	-171.889071366296
11	27785821	27786428	608	21	0.501754089599361	0.836140568898745	-0.334386479299384	-169.006629525343
15	15247476	15247813	338	19	0.196719776438649	0.516424665143114	-0.319704888704465	-167.667791682264
7	29520773	29521049	277	25	0.396631840533501	0.69823717487871	-0.301605334345209	-166.184307439509
14	15756237	15756645	409	18	0.734663034115114	0.386361937475555	0.34830109663956	166.108049223355
9	141517	141823	307	21	0.391956547841726	0.876025218699945	-0.484068670858219	-165.9919395366
15	35066635	35066915	281	20	0.612439864194956	0.945826200202057	-0.3333863360071	-165.2717749463
12	5490637	5490947	311	20	0.689604355278498	0.321666693602205	0.367937661676293	165.261434125766
2	16339676	16340034	359	20	0.852945204971796	0.438393479528686	0.414551725443111	163.943214203685
8	22478740	22479199	460	20	0.165170279386188	0.486577460878824	-0.321407181492636	-163.65323023496
3	49865337	49865698	362	21	0.500389616770839	0.193355015379742	0.307034601391098	163.219091816295
20	7995593	7995878	286	19	0.72425774402771	0.367834153892994	0.356423590134716	162.770178589555
14	32670219	32670546	328	21	0.707902066182215	0.402797491789741	0.305104574392475	161.538764728217
23	8669554	8669990	437	17	0.585599996155531	0.285916164098605	0.299683832056926	161.518082979899
2	28665602	28665752	151	18	0.611063344340433	0.351040955071916	0.260022389268517	161.242080614533
23	37677889	37678224	336	23	0.920121565299954	0.582613477937096	0.337508087362858	159.025236637588
18	34443370	34443719	350	20	0.623495112278671	0.960455815187419	-0.336960702908748	-158.070021994631
11	44758355	44758739	385	23	0.426321567047665	0.73109971983095	-0.304778152783284	-156.891870591611
13	75052	75532	481	21	0.472422626359072	0.853634484698279	-0.381211858339206	-156.535039636095
10	24050023	24050437	415	22	0.826958087514987	0.488658720399226	0.338299367115761	154.863535717887
7	48996112	48996490	379	14	0.747231414082957	0.343732830407046	0.403498583675911	154.696585824597
11	28516814	28517162	349	20	0.538506170361616	0.206240320079125	0.332265850282491	154.486084883355
6	33647471	33648262	792	18	0.735577173443571	0.350661564071308	0.384915609372263	154.232119638921
16	32007326	32007688	363	22	0.583249541031017	0.269124038865784	0.314125502165233	152.703549704073
12	45616511	45616769	259	19	0.319926726541596	0.725674164621791	-0.405747438080195	-152.569923481931
3	15147457	15147600	144	20	0.66599258417683	0.965212710220423	-0.299220126043593	-151.993763523787
8	35813382	35813756	375	24	0.830470618838257	0.39748195251763	0.432988666320627	151.433233808984
17	32776339	32776616	278	18	0.51579172184496	0.252198840342371	0.263592881502589	151.359771172674
3	41369945	41370177	233	29	0.567551696893651	0.916976445443206	-0.349424748549555	-150.284772439553
20	23441356	23441614	259	18	0.60319221522162	0.313352030925749	0.289840184295871	150.233584447816
1	22005248	22005507	260	17	0.724822540513325	0.409238434971323	0.315584105542002	149.378816593045
11	38109309	38109687	379	21	0.587203658515033	0.309251548760168	0.277952109754865	148.837282794692
2	57950405	57950777	373	22	0.422877840653533	0.748520988547788	-0.325643147894254	-148.206649745205
15	32541122	32541559	438	18	0.811398299670148	0.495922540998884	0.315475758671264	147.8154447765
7	60836777	60837212	436	19	0.480948671669988	0.860486315787251	-0.379537644117263	-147.753934329093
6	22281354	22281592	239	19	0.72092695966251	0.350917059767433	0.370009899895077	147.216917004329
14	8288743	8288999	257	20	0.130444760761706	0.46601288088239	-0.335568120120684	-145.245925977611
4	74647468	74647732	265	17	0.610574251786311	0.897088095271954	-0.286513843485643	-145.121780264212
4	71445859	71446175	317	21	0.643545141734379	0.34209932998201	0.301445811752369	143.747750294195
23	41562556	41562916	361	19	0.679771217816001	0.331101622073987	0.348669595742014	143.482236520631
7	71242012	71242392	381	17	0.149451751819536	0.432456019234696	-0.28300426741516	-142.993164333657
9	37043799	37044126	328	18	0.684317375932313	0.382984883954086	0.301332491978227	142.200442301421
15	4234973	4235162	190	16	0.642966489755606	0.915750503692838	-0.272784013937232	-140.866138117654
7	62188248	62188757	510	18	0.737959692082238	0.382935263531619	0.355024428550619	140.830356910153
2	55421533	55421774	242	18	0.602295470050945	0.266849578645009	0.335445891405936	140.820388978189
2	50374746	50375203	458	17	0.622823489885443	0.23235472761653	0.390468762268913	140.75309517442
22	37300907	37301258	352	18	0.709335755424925	0.432346097669573	0.276989657755352	140.680544336652
20	39959218	39959672	455	18	0.773581587922534	0.463369300558108	0.310212287364426	140.356821859209
7	68267917	68268311	395	20	0.764914785581355	0.461600743996272	0.303314041585083	140.249851630641
3	16401728	16402022	295	18	0.466192140320047	0.87961185858322	-0.413419718263173	-138.96424384332
4	37186539	37186693	155	19	0.876656127224708	0.585344893426194	0.291311233798514	138.856241728625
22	11273213	11273517	305	20	0.604898206759966	0.320461806675796	0.28443640008417	138.495860722525
4	59780749	59780883	135	15	0.256272025682197	0.640116696645279	-0.383844670963082	-137.850811725191
23	19116075	19116263	189	17	0.463438812689407	0.735375875067863	-0.271937062378456	-137.68262374004
23	28692150	28692397	248	16	0.416519176069671	0.142068474801708	0.274450701267964	136.347472280733
12	2768252	2768672	421	17	0.777487739946723	0.487585083294248	0.289902656652475	135.850053136115
9	55243449	55243716	268	18	0.645486055681294	0.923086264419188	-0.277600208737895	-135.599659249957
7	17539129	17539410	282	20	0.617956784713134	0.311394458304675	0.306562326408459	133.843614544903
6	17387108	17387478	371	20	0.559194136928368	0.158720342912687	0.400473794015682	133.729839687573
3	1449386	1449596	211	17	0.49396540373596	0.224352580978107	0.269612822757854	133.686501716085
16	29289272	29290534	1263	21	0.784941018929048	0.489404794595383	0.295536224333665	133.644486921095
7	63326304	63326457	154	16	0.531984081073499	0.258964383087647	0.273019697985852	133.149297777557
20	47915734	47915889	156	16	0.872205697094987	0.576337808121695	0.295867888973292	133.102116281301
4	58362617	58362979	363	17	0.573650492252561	0.851583065898554	-0.277932573645992	-133.021655295256
18	49928315	49928879	565	19	0.896172573423954	0.534614244799797	0.361558328624157	132.948140392342
12	36439997	36440199	203	17	0.399015600433444	0.802528668800059	-0.403513068366614	-132.690094134742
10	27686444	27686800	357	16	0.813594079030799	0.512143083534192	0.301450995496607	132.281355854894
24	38182645	38182834	190	15	0.782675740109734	0.524059719865648	0.258616020244086	132.131455903791
4	56436497	56436756	260	20	0.75657314972279	0.410309122223974	0.346264027498816	131.761454480131
13	38198651	38198804	154	17	0.953199922757788	0.61430805225361	0.338891870504178	131.722462231028
14	27972014	27972300	287	17	0.955442929181766	0.586717082020297	0.368725847161469	131.310078879548
6	58608275	58608694	420	16	0.780528960622049	0.478653984002975	0.301874976619075	131.237726699282
2	43510732	43511326	595	22	0.837558869106351	0.496583221795768	0.340975647310583	131.175409093196
10	7182815	7183210	396	18	0.261874755507962	0.559276521124493	-0.297401765616531	-130.559600100745
6	59843343	59843590	248	18	0.577020984899218	0.890694537843668	-0.313673552944449	-130.173565693119
1	33960455	33960604	150	16	0.595837513604959	0.334052431709264	0.261785081895694	128.509656831283
4	50320409	50320576	168	18	0.907893126408696	0.600351959060063	0.307541167348633	128.001033410692
20	27991911	27992137	227	19	0.314792275147892	0.673011391024196	-0.358219115876304	-127.409767122886
14	38531494	38531887	394	18	0.936309452819242	0.586009945699024	0.350299507120219	127.171943498737
3	8204114	8204446	333	17	0.73720499754952	0.46994328755304	0.26726170999648	126.397939401394
4	78036541	78036867	327	16	0.625159638328846	0.342477157753541	0.282682480575305	125.225434135942
5	3588726	3589033	308	18	0.525817215364331	0.893882385625904	-0.368065170261573	-125.072236466438
10	27387450	27387637	188	15	0.597264612378612	0.330298131296878	0.266966481081733	124.777607005169
19	30867022	30867198	177	18	0.626525897366526	0.261470924352235	0.365054973014291	124.428224749562
25	4071033	4071465	433	20	0.332675876983407	0.638434848908481	-0.305758971925074	-123.983841023244
3	2300280	2300549	270	19	0.88912116859757	0.492431903719517	0.396689264878054	123.762966804147
8	53368150	53368524	375	17	0.65233386005628	0.313793818147136	0.338540041909144	123.629412108118
25	37344350	37344647	298	17	0.91284836025568	0.606469589733846	0.306378770521834	123.406039589208
4	44727073	44727310	238	16	0.926271433771452	0.588540742777608	0.337730690993844	123.226042664634
7	61306990	61307338	349	16	0.185574795872781	0.460831277597801	-0.275256481725019	-122.626415425814
6	54412238	54412528	291	16	0.851795525171405	0.55660205924374	0.295193465927664	122.019867378038
12	41261610	41261979	370	16	0.557960737528978	0.217414325987214	0.340546411541764	121.949416122591
12	49165103	49165299	197	16	0.719503864928762	0.284873084997671	0.434630779931091	121.861193061713
9	28620137	28620376	240	18	0.848429060270472	0.450711366559706	0.397717693710767	121.490554732389
24	37040307	37040706	400	20	0.671263272236706	0.355138403616531	0.316124868620175	121.43189607517
7	71407207	71407729	523	18	0.349431464685884	0.646969018732281	-0.297537554046396	-121.07204787931
20	26450404	26450580	177	17	0.344172803501559	0.718752371293295	-0.374579567791736	-120.809113765786
11	19822605	19822727	123	18	0.872926618552878	0.558507000864579	0.314419617688299	120.801568577307
11	42000842	42001050	209	18	0.53126801732881	0.223365183642151	0.307902833686659	120.192312421074
24	41201100	41201301	202	14	0.886827547856547	0.587540050239893	0.299287497616654	120.162167957212
20	37211158	37211288	131	17	0.850238024473696	0.569167434940166	0.28107058953353	119.696527753132
16	38837471	38837737	267	23	0.855503628945938	0.501014271993755	0.354489356952183	119.00628017751
3	9083822	9084042	221	18	0.530832320123393	0.940066087247845	-0.409233767124452	-118.813838354725
13	12880358	12880678	321	16	0.357913380795345	0.655198351434827	-0.297284970639482	-117.780165828973
11	15398922	15399118	197	15	0.26658270173509	0.616978448286738	-0.350395746551648	-117.543675093306
25	32603130	32603423	294	16	0.943488599338837	0.671195261406158	0.272293337932679	116.994098408168
21	2216946	2217074	129	14	0.582975354588475	0.322200713927248	0.260774640661226	116.487819211849
7	65816630	65816936	307	15	0.300717922984932	0.656840893650457	-0.356122970665524	-115.64728242443
16	46269926	46270329	404	16	0.787602565668977	0.469809796228457	0.31779276944052	113.422361620235
11	21660221	21660444	224	15	0.818575439323191	0.558147522284011	0.26042791703918	113.321367362897
12	46221743	46221888	146	13	0.46256095431009	0.194737876663534	0.267823077646556	113.030707450259
22	27196129	27196382	254	20	0.581152607443654	0.921389532658801	-0.340236925215148	-112.796686826475
3	37937724	37938053	330	15	0.459795544047881	0.783878663619344	-0.324083119571462	-112.189689802896
23	31283082	31283334	253	17	0.41453974819583	0.718836242752406	-0.304296494556576	-111.526157032265
17	19339166	19339407	242	21	0.839776950331842	0.435683661248887	0.404093289082955	111.492738209425
15	43038881	43039119	239	21	0.488328065787287	0.831719769909524	-0.343391704122237	-111.458607728449
19	1910029	1910242	214	12	0.809251922320544	0.508685183839123	0.300566738481421	111.174173187338
11	24859871	24860127	257	13	0.721376564733566	0.455785351451083	0.265591213282483	110.811176603584
17	38152524	38152757	234	12	0.155997206118883	0.761260636397433	-0.60526343027855	-109.350179922467
25	14744805	14744921	117	12	0.672112726905753	0.399289767897663	0.27282295900809	108.740408761224
1	58092664	58093099	436	17	0.554516892812165	0.230798540450861	0.323718352361304	108.469805898337
2	10529794	10530076	283	15	0.923275335553687	0.571688890107237	0.35158644544645	108.40543621769
3	14114184	14114501	318	19	0.943802408487873	0.622080875556744	0.321721532931129	107.90970195678
7	48235002	48235126	125	15	0.510982390274069	0.234763519889372	0.276218870384698	107.407887400309
3	40770778	40771143	366	18	0.59962640312866	0.308973676075725	0.290652727052936	106.232799811623
6	35413801	35414069	269	19	0.207844813259268	0.522312669931813	-0.314467856672545	-105.909306644116
7	69634083	69634387	305	15	0.670465730421349	0.372486529860739	0.297979200560611	105.899967123165
5	44651679	44651994	316	13	0.526985440668404	0.246755862401564	0.280229578266839	105.762842259197
9	24394283	24394440	158	12	0.932752563697761	0.331469971531429	0.601282592166332	104.263534077869
2	27473581	27473788	208	17	0.846831537642977	0.494109611077299	0.352721926565678	103.316153534228
3	13421661	13421959	299	13	0.787868740058263	0.511952949066542	0.275915790991722	102.985830456207
10	3361575	3361855	281	15	0.640790921007215	0.350749332755858	0.290041588251357	102.54631292535
8	34965720	34965903	184	15	0.931803580034489	0.562240547524904	0.369563032509585	102.264736960764
2	4826697	4826894	198	13	0.854541031130472	0.578484784214014	0.276056246916458	102.248286988051
10	23942717	23943203	487	13	0.937817575538045	0.447463909056223	0.490353666481822	102.199991843384
11	43225770	43226063	294	14	0.739549367137311	0.44711762110571	0.292431746031601	101.881902182251
5	24316792	24316964	173	13	0.826543704535707	0.557236888376805	0.269306816158902	101.645334843657
5	3511275	3511545	271	16	0.73665731708901	0.380941357549752	0.355715959539258	101.307617450187
19	18968615	18968813	199	21	0.387071727245357	0.784767914006443	-0.397696186761086	-100.859366730456
25	28938950	28939215	266	14	0.527891685763291	0.167459395743461	0.36043229001983	100.84287409994
1	22407886	22408040	155	14	0.815604839391381	0.490774961717953	0.324829877673428	100.713941303793
6	42863926	42864462	537	15	0.568787730533814	0.266617144084156	0.302170586449658	100.565902067223
6	17253611	17254051	441	17	0.705755727046902	0.288236696379605	0.417519030667298	100.226197345292
22	30254737	30255035	299	14	0.965606841633506	0.661417971822066	0.30418886981144	100.061224255823
6	55080303	55080612	310	14	0.532236021971596	0.23650367626556	0.295732345706036	100.025656298448
19	38374007	38374130	124	12	0.225641748053414	0.4913897383439	-0.265747990290486	-99.8776376121698
14	48305533	48305669	137	12	0.950438287235354	0.658680910993169	0.291757376242185	99.4817548137413
4	37347044	37347381	338	13	0.908767608952481	0.450784247633677	0.457983361318804	99.2704294406762
16	31056308	31056549	242	12	0.80528443042317	0.531838172844319	0.273446257578851	99.2297706623564
4	52168671	52168928	258	13	0.48856684031696	0.863631715817444	-0.375064875500484	-99.2273164327541
7	15980725	15981050	326	14	0.848202762650264	0.562520785412723	0.285681977237541	98.8134536370424
4	35390365	35390601	237	20	0.457747288838866	0.794824898819076	-0.33707760998021	-98.6107779290526
11	23730927	23731170	244	13	0.699835189111828	0.367321637437636	0.332513551674192	98.2250969281855
2	55105464	55105594	131	11	0.560091219582021	0.819395885701299	-0.259304666119277	-98.1388531100017
20	2790441	2790758	318	16	0.713831388695272	0.405409940635708	0.308421448059564	97.7073484875876
15	35123598	35123825	228	12	0.438613160467155	0.789575257168608	-0.350962096701454	-97.6860676426272
23	28693111	28693391	281	16	0.429079488960474	0.143120326582699	0.285959162377775	97.6804408437221
6	47183606	47183868	263	13	0.862440860919575	0.511682341822412	0.350758519097162	97.4651682401999
8	13791892	13792328	437	13	0.764385482368342	0.33170580193379	0.432679680434552	97.4558321794729
8	43342112	43342326	215	14	0.732934258440078	0.461100296857917	0.271833961582161	97.3171612181805
14	42171181	42171447	267	14	0.248853779590794	0.526454221161087	-0.277600441570293	-96.8596434522062
7	21000835	21001023	189	13	0.843419402352084	0.552857206266166	0.290562196085919	96.385434206245
23	25756638	25756834	197	12	0.458162314365436	0.82266114014978	-0.364498825784344	-96.3801151283411
24	10094958	10095196	239	15	0.433080779604744	0.725401783422633	-0.292321003817889	-96.3458964212377
5	29170407	29170657	251	11	0.70380467187015	0.404967969483566	0.298836702386584	96.0133184795922
14	36861740	36861852	113	18	0.479015139771233	0.937142803797224	-0.458127664025991	-95.5822170755489
6	22538994	22539383	390	13	0.321920783825466	0.605547810441778	-0.283627026616311	-95.1905093078802
21	31049416	31049548	133	12	0.595189574900775	0.33034510364073	0.264844471260044	94.7478723336395
20	4298309	4298554	246	12	0.723485805950793	0.420777954015409	0.302707851935384	94.6895935094879
16	33484591	33485051	461	14	0.677581801679838	0.376101484506383	0.301480317173454	94.22965656051
21	26636960	26637142	183	16	0.939526567248653	0.609646590773276	0.329879976475377	94.2089597096234
14	2325654	2325958	305	12	0.141781418236288	0.467241914373936	-0.325460496137648	-93.819737195592
1	14752571	14752815	245	13	0.688758714066716	0.413306400642967	0.275452313423748	93.4807558899481
20	38467681	38467910	230	14	0.407106235825866	0.707324940007414	-0.300218704181549	-93.03143862808
22	10855211	10855498	288	14	0.601869346520927	0.900231547305035	-0.298362200784109	-92.799755154861
8	19219683	19219910	228	13	0.650423423423233	0.283630599879346	0.366792823543887	92.658884506154
5	68854862	68855170	309	12	0.671540167644943	0.341054489566586	0.330485678078357	92.4635043837154
21	30126600	30126890	291	12	0.630422041720679	0.293999514199874	0.336422527520806	92.379446823517
7	12573018	12573264	247	13	0.787855350166986	0.509525129858604	0.278330220308382	91.8920893894394
12	26674098	26674449	352	14	0.707453958210434	0.409902324612214	0.29755163359822	91.8730686667901
23	16164560	16164857	298	15	0.928484488597043	0.559758276128044	0.368726212468999	91.6092436200599
11	38252207	38252418	212	14	0.50024382728777	0.837896799954788	-0.337652972667018	-91.3159361316452
10	24368280	24368442	163	18	0.555848982707912	0.158029085380423	0.397819897327489	91.2986348628419
17	46987806	46988261	456	16	0.41742522942182	0.0830310021942619	0.334394227227558	91.1047370527812
10	32495597	32495868	272	12	0.61172445920863	0.135779224099482	0.475945235109149	90.982511370568
15	7280537	7280665	129	11	0.47371586266388	0.756368400255108	-0.282652537591228	-90.9681170031262
8	13650535	13650719	185	13	0.90193012669967	0.617182002972126	0.284748123727544	90.8908960838105
7	67270105	67270568	464	14	0.607238691510681	0.297065632289628	0.310173059221053	90.8066460197894
2	30258183	30258321	139	15	0.678555556508731	0.37596816230903	0.302587394199702	90.198184093431
13	14926300	14926728	429	12	0.649020284604773	0.315327914659823	0.33369236994495	88.8583438221736
13	22390857	22391002	146	11	0.433333499451858	0.746065148968078	-0.312731649516221	-88.8027732450599
9	31157690	31157880	191	13	0.743047502779383	0.382900442885395	0.360147059893987	88.4498475343814
6	4584360	4584604	245	11	0.858109031810452	0.563151881589117	0.294957150221335	88.2293296481737
5	27179567	27179791	225	12	0.510657940934534	0.843031216208865	-0.332373275274331	-87.7902051590068
7	30090443	30090557	115	19	0.505116135994843	0.905329969792904	-0.400213833798062	-87.6271357023421
20	8609568	8609888	321	13	0.546924829043659	0.836631839145926	-0.289707010102268	-87.3631822658204
4	35193129	35193433	305	16	0.898732590830972	0.535716212662669	0.363016378168303	87.2629171363131
7	29411793	29411904	112	11	0.899701780513592	0.629574254698629	0.270127525814963	87.2524102652638
22	16266582	16266794	213	11	0.578536972597047	0.284679781710331	0.293857190886716	86.9544556140911
14	19554831	19555078	248	13	0.844804186194805	0.507693654891802	0.337110531303003	86.6102939019881
5	60214283	60214444	162	12	0.555208758165868	0.8469251130326	-0.291716354866732	-86.6086056035662
18	20343613	20343861	249	11	0.535089077140338	0.258319977104323	0.276769100036016	86.2341479790229
20	4500485	4500632	148	14	0.903315392899592	0.585543956340536	0.317771436559056	86.1590182681275
25	20030713	20030900	188	14	0.800334309049059	0.436946207810776	0.363388101238283	86.0839153930333
5	23932211	23932440	230	16	0.88423046681179	0.528363987736736	0.355866479075054	86.0122128629236
1	58165242	58165403	162	12	0.443979675485024	0.803272871597758	-0.359293196112735	-85.9158863556265
2	45136380	45136559	180	12	0.517438575270469	0.235247696046936	0.282190879223533	85.7749785672298
14	2347219	2347394	176	14	0.92252272219799	0.572104741444541	0.350417980753449	85.435233313199
9	36706186	36706449	264	12	0.452162590538064	0.741663102269215	-0.289500511731151	-85.0895585561077
8	32724821	32725021	201	11	0.945913249635287	0.641726240853018	0.304187008782269	85.0554509311996
4	54940957	54941065	109	11	0.807273283899669	0.326650449713542	0.480622834186127	84.3790050838263
10	38483680	38483911	232	11	0.374569376200051	0.722720340240538	-0.348150964040487	-84.3097676039455
9	24063319	24063600	282	11	0.587078702701225	0.255959389961961	0.331119312739264	84.2309591606626
8	27200725	27200938	214	12	0.334197160345915	0.6391207869858	-0.304923626639885	-84.1565901611259
7	22335481	22335683	203	13	0.843529850481354	0.46390048726926	0.379629363212094	84.1408875023444
17	38777792	38777929	138	13	0.255223186666565	0.615444261941241	-0.360221075274676	-84.0865518516078
12	4567986	4568209	224	12	0.633252945665236	0.273505872134346	0.359747073530889	83.8619008608083
5	36026152	36026387	236	12	0.673664685856229	0.388529629070311	0.285135056785918	83.390723907196
22	29405055	29405350	296	11	0.855694437409406	0.448545576985313	0.407148860424093	83.3416629221687
24	42005534	42005792	259	13	0.387504459466513	0.688990831215446	-0.301486371748932	-83.3187687728573
7	49910206	49910713	508	12	0.402738008510499	0.732898228557951	-0.330160220047452	-83.156515848705
12	49105596	49105772	177	13	0.527614837399831	0.221243201167335	0.306371636232496	82.7879455876412
15	37733497	37733730	234	11	0.501803699766064	0.792019786278358	-0.290216086512294	-82.7760315280601
15	7343239	7343661	423	12	0.659233934520176	0.327505619467837	0.331728315052338	82.7028816203668
13	4284645	4284789	145	16	0.406318419640321	0.742924383420987	-0.336605963780667	-82.0319841213949
14	38293590	38293913	324	14	0.860345752700778	0.521840776104235	0.338504976596543	81.9953761855209
12	5499930	5500314	385	11	0.747492981953929	0.430304462831584	0.317188519122345	81.5416681594654
11	18749563	18750000	438	13	0.648282257024898	0.295856344438044	0.352425912586854	81.5151189178202
5	66804907	66805163	257	12	0.644728324391071	0.337919796640112	0.306808527750959	80.3031515639407
6	54124412	54124574	163	11	0.553271710943256	0.239692936193671	0.313578774749586	80.1481237114447
3	56445224	56445392	169	16	0.46936045414893	0.941772803072503	-0.472412348923573	-80.1172489757587
19	30790772	30791101	330	11	0.326671145280147	0.651533740939907	-0.324862595659759	-79.83150426156
4	63011600	63011728	129	13	0.438028004706483	0.963440450845494	-0.525412446139012	-79.7066707374768
20	49036794	49037040	247	11	0.682563267792463	0.375958561418161	0.306604706374301	79.5417482733962
14	11387599	11387803	205	11	0.335504341617098	0.696342769517188	-0.360838427900091	-79.0973660163496
15	7231361	7231615	255	15	0.743321698982293	0.354205296094186	0.389116402888107	79.076101854492
22	34859662	34859906	245	11	0.834642388565989	0.430506300511253	0.404136088054736	78.7625718363273
3	4871159	4871434	276	16	0.917702296524411	0.604915494828156	0.312786801696255	78.6281192929485
6	46970866	46971107	242	11	0.697549465278131	0.413212880008704	0.284336585269427	78.3270579686553
4	36549167	36549871	705	15	0.90666782259626	0.571215628148539	0.335452194447721	77.9788819352468
16	32031905	32032134	230	12	0.363782740138872	0.72255675401905	-0.358774013880178	-77.7616466645082
8	15476925	15477040	116	11	0.201963767862069	0.509354389564935	-0.307390621702866	-77.7440879808343
22	32336081	32336192	112	14	0.937964865498218	0.452846614836883	0.485118250661336	77.4697817686596
4	23443256	23443457	202	13	0.399392976586672	0.6841188261505	-0.284725849563828	-77.3595480153813
3	4834313	4834660	348	11	0.862108864026954	0.492637306563776	0.369471557463178	77.1706807895246
4	73537428	73537662	235	11	0.425192615297367	0.71771098837459	-0.292518373077224	-77.1518965071644
2	2511751	2511968	218	13	0.577270117251211	0.85828677448072	-0.281016657229509	-76.7555109244369
24	36671674	36672053	380	11	0.566083697698669	0.872700487963713	-0.306616790265044	-76.7444070377097
4	45446149	45446353	205	11	0.969998333850006	0.655817586940706	0.314180746909299	76.3909237331152
11	24760093	24760271	179	12	0.408393821226486	0.768915029341206	-0.36052120811472	-76.3098720421208
1	29847787	29848152	366	11	0.780040092305178	0.440291322546874	0.339748769758304	75.7952828459179
4	72075784	72076040	257	14	0.508236586006345	0.825296904841928	-0.317060318835583	-75.661668466502
5	17675586	17675960	375	12	0.722545729133818	0.407428154175345	0.315117574958473	75.5275659362588
3	8484743	8484991	249	11	0.760994523842353	0.445380525183286	0.315613998659067	75.0826792209582
11	28339575	28339902	328	11	0.660652036553258	0.337177655714397	0.323474380838861	75.0018757775868
21	21892723	21892969	247	11	0.423872995474427	0.722880329544849	-0.299007334070422	-74.3627387692444
1	57233463	57233589	127	12	0.776219775716251	0.471253885751522	0.304965889964729	73.677206597493
4	30932384	30932530	147	13	0.570491707657664	0.238153501414351	0.332338206243313	73.4009760184978
21	27106225	27106572	348	13	0.764851792474102	0.353102556877756	0.411749235596345	72.8825737803234
6	9515904	9516029	126	12	0.736255444407306	0.318278428399415	0.417977016007892	71.8707435729449
18	15389846	15390228	383	11	0.854979212387125	0.552039764525383	0.302939447861742	71.5298935670225
7	68265971	68266239	269	11	0.657034269522498	0.364649037867928	0.29238523165457	71.4483137367788
22	25340341	25340488	148	12	0.428999425316504	0.848444761953288	-0.419445336636784	-71.4134836188546
4	60918537	60918745	209	13	0.505604506437745	0.903681414471228	-0.398076908033483	-70.8189814311689
16	29291085	29291414	330	11	0.807341048933279	0.511293697926899	0.29604735100638	70.4255310908195
11	1802797	1802954	158	12	0.55410537075455	0.924185399829103	-0.370080029074554	-69.9764331332971
4	57202650	57202877	228	11	0.46819203615092	0.88698312303638	-0.418791086885461	-69.8584800647766
14	28916385	28916771	387	13	0.31505550681515	0.650759823899997	-0.335704317084847	-69.836524536113
25	18876834	18877114	281	12	0.721295483839178	0.347566225229627	0.373729258609551	69.7332698692933
15	7271762	7272017	256	12	0.199855135705645	0.508462372415547	-0.308607236709902	-69.4703713347782
15	9702834	9703029	196	14	0.411347358888694	0.860259003353274	-0.448911644464579	-69.0999043126243
13	5499289	5499624	336	11	0.608659131854474	0.315024741855029	0.293634389999445	68.651443666184
2	40238129	40238584	456	13	0.561896776890379	0.935455235551049	-0.373558458660671	-68.2707831724793
4	63245638	63245924	287	13	0.233035606004736	0.649155714751937	-0.416120108747201	-67.4982650382419
9	32151747	32151970	224	11	0.826875072370424	0.506220711804581	0.320654360565842	67.3999881484688
9	5819323	5819477	155	12	0.928381122923912	0.373534296778628	0.554846826145284	67.3778724714819
8	32867210	32867345	136	11	0.862004088679646	0.459875274365054	0.402128814314592	67.3376831863307
11	17403224	17403377	154	11	0.868126039724975	0.537856682080825	0.33026935764415	66.8209110690654
25	10055690	10055814	125	13	0.815661591257463	0.479477321838032	0.336184269419431	66.5552409067368
23	22419136	22419323	188	11	0.77055828593062	0.46508822490131	0.30547006102931	66.1225677165532
10	8874442	8874652	211	14	0.285739121327072	0.625155883332885	-0.339416762005814	-66.1008841534953
21	9044721	9044930	210	11	0.952179946327241	0.638109077669174	0.314070868658067	65.9737651133987
22	3364545	3364762	218	13	0.426276626785994	0.77281453847949	-0.346537911693496	-65.0831476016738
20	4939707	4939898	192	11	0.89021287925697	0.549545965134814	0.340666914122156	65.0096995233407
17	45412633	45412777	145	11	0.546161492116077	0.840525165880923	-0.294363673764846	-64.838347362642
25	3525268	3525517	250	11	0.49649948320589	0.164301361563523	0.332198121642367	64.5176252264617
5	68063168	68063369	202	13	0.346388955387507	0.740958585522895	-0.394569630135388	-64.4653199144964
5	12656237	12656486	250	13	0.496547245422701	0.860540400916292	-0.363993155493591	-64.432937915825
19	18969104	18969341	238	13	0.163782611684269	0.522987535550265	-0.359204923865995	-64.1709680030836
8	23695742	23696218	477	11	0.518435910234297	0.285505584182757	0.23293032605154	64.0769226639801
10	33963823	33964371	549	11	0.933223916239165	0.363428723085292	0.569795193153873	61.848666852966
5	51151970	51152165	196	11	0.814687462781221	0.406222944014896	0.408464518766325	61.1579938144888
15	7276069	7276383	315	11	0.928107725630523	0.539448336697067	0.388659388933456	60.793633618561
3	276347	276495	149	11	0.455885833843869	0.937394719304659	-0.48150888546079	-57.5408416320391
4	32205242	32205410	169	11	0.665678203628587	0.295888578574499	0.369789625054087	56.9322904120192
24	12381301	12381534	234	11	0.478414730199679	0.866119805594797	-0.387705075395118	-56.2730621846321
4	60877661	60877841	181	12	0.922281434769904	0.492142823083121	0.430138611686783	56.2044179893604
1	34970387	34970611	225	11	0.44398967903473	0.801849427283499	-0.357859748248769	-54.688256713372
14	11324359	11324511	153	12	0.503713673889143	0.939271276963172	-0.435557603074029	-54.5180479672105
19	47463681	47463787	107	11	0.48885276917462	0.835223402661169	-0.346370633486549	-54.085429763156
20	8296219	8296465	247	11	0.558670499702722	0.904443605441874	-0.345773105739152	-51.6363690934429
14	2201336	2201505	170	12	0.301877548308451	0.666482668273913	-0.364605119965462	-51.3342046119363
8	30844000	30844280	281	11	0.828322340977132	0.336454295981624	0.491868044995508	50.9737166669807
3	31385237	31385385	149	11	0.785548175113669	0.393358880956335	0.392189294157334	49.839392018847
17	10963080	10963222	143	11	0.323433087991259	0.718726519974786	-0.395293431983527	-49.0654355396521
22	25987015	25987311	297	11	0.591530708181846	0.932727766255063	-0.341197058073216	-48.695666908093
4	70714065	70714226	162	11	0.517980868760122	0.927599001149175	-0.409618132389053	-47.8179985065438
4	67897831	67897968	138	11	0.926647187433515	0.462973509924428	0.463673677509086	44.6440721148636
4	62995658	62995885	228	11	0.793519547508592	0.402611424152639	0.390908123355953	44.0473164845604
18	30054475	30054605	131	11	0.855917208825634	0.444436211797167	0.411480997028468	43.8301080597284
6	5064943	5065117	175	11	0.458198711359441	0.861918761600719	-0.403720050241278	-43.6778568888915
